Name,ISSN,Journal Impact Factor,eISSN
CA-A CANCER JOURNAL FOR CLINICIANS,0007-9235,254.7,1542-4863
LANCET,0140-6736,168.9,1474-547X
NEW ENGLAND JOURNAL OF MEDICINE,0028-4793,158.5,1533-4406
JAMA-JOURNAL OF THE AMERICAN MEDICAL ASSOCIATION,0098-7484,120.7,1538-3598
NATURE REVIEWS DRUG DISCOVERY,1474-1776,120.1,1474-1784
NATURE REVIEWS DRUG DISCOVERY,1474-1776,120.1,1474-1784
NATURE REVIEWS MOLECULAR CELL BIOLOGY,1471-0072,112.7,1471-0080
BMJ-British Medical Journal,0959-535X,105.7,1756-1833
NATURE REVIEWS IMMUNOLOGY,1474-1733,100.3,1474-1741
NATURE REVIEWS MICROBIOLOGY,1740-1526,88.1,1740-1534
Nature Reviews Materials,2058-8437,83.5,2058-8437
Nature Reviews Materials,2058-8437,83.5,2058-8437
NATURE MEDICINE,1078-8956,82.9,1546-170X
NATURE MEDICINE,1078-8956,82.9,1546-170X
NATURE MEDICINE,1078-8956,82.9,1546-170X
Nature Reviews Disease Primers,2056-676X,81.5,2056-676X
Nature Reviews Clinical Oncology,1759-4774,78.8,1759-4782
NATURE REVIEWS CANCER,1474-175X,78.5,1474-1768
Lancet Respiratory Medicine,2213-2600,76.2,N/A
Lancet Respiratory Medicine,2213-2600,76.2,N/A
World Psychiatry,1723-8617,73.3,2051-5545
World Psychiatry,1723-8617,73.3,2051-5545
Nature Reviews Gastroenterology & Hepatology,1759-5045,65.1,1759-5053
NATURE,0028-0836,64.8,1476-4687
CELL,0092-8674,64.5,1097-4172
CELL,0092-8674,64.5,1097-4172
Lancet Psychiatry,2215-0374,64.3,N/A
Lancet Psychiatry,2215-0374,64.3,N/A
CHEMICAL REVIEWS,0009-2665,62.1,1520-6890
SCIENCE,0036-8075,56.9,1095-9203
Nature Energy,2058-7546,56.7,2058-7546
Nature Energy,2058-7546,56.7,2058-7546
LANCET INFECTIOUS DISEASES,1473-3099,56.3,1474-4457
LANCET ONCOLOGY,1470-2045,51.1,1474-5488
ANNALS OF ONCOLOGY,0923-7534,50.5,1569-8041
CANCER CELL,1535-6108,50.3,1878-3686
CANCER CELL,1535-6108,50.3,1878-3686
Lancet Public Health,2468-2667,50,2468-2667
Lancet Public Health,2468-2667,50,2468-2667
Nature Reviews Cardiology,1759-5002,49.6,1759-5010
LANCET NEUROLOGY,1474-4422,48,1474-4465
NATURE METHODS,1548-7091,48,1548-7105
NATURE BIOTECHNOLOGY,1087-0156,46.9,1546-1696
CHEMICAL SOCIETY REVIEWS,0306-0012,46.2,1460-4744
JOURNAL OF CLINICAL ONCOLOGY,0732-183X,45.3,1527-7755
Lancet Diabetes & Endocrinology,2213-8587,44.5,2213-8595
REVIEWS OF MODERN PHYSICS,0034-6861,44.1,1539-0756
CELL RESEARCH,1001-0602,44.1,1748-7838
NATURE REVIEWS GENETICS,1471-0056,42.7,1471-0064
Nature Reviews Earth & Environment,N/A,42.1,2662-138X
Nature Reviews Earth & Environment,N/A,42.1,2662-138X
Nature Reviews Nephrology,1759-5061,41.5,1759-507X
NATURE MATERIALS,1476-1122,41.2,1476-4660
NATURE MATERIALS,1476-1122,41.2,1476-4660
NATURE MATERIALS,1476-1122,41.2,1476-4660
NATURE MATERIALS,1476-1122,41.2,1476-4660
Living Reviews in Relativity,2367-3613,40.6,1433-8351
Nature Reviews Endocrinology,1759-5029,40.5,1759-5037
Joule,2542-4351,39.8,2542-4351
Joule,2542-4351,39.8,2542-4351
Joule,2542-4351,39.8,2542-4351
Nature Reviews Methods Primers,N/A,39.5,2662-8449
EUROPEAN HEART JOURNAL,0195-668X,39.3,1522-9645
Signal Transduction and Targeted Therapy,2095-9907,39.3,2059-3635
Signal Transduction and Targeted Therapy,2095-9907,39.3,2059-3635
ANNALS OF INTERNAL MEDICINE,0003-4819,39.2,1539-3704
JAMA Internal Medicine,2168-6106,39,2168-6114
INTENSIVE CARE MEDICINE,0342-4642,38.9,1432-1238
Nature Reviews Physics,N/A,38.5,2522-5820
Nature Reviews Physics,N/A,38.5,2522-5820
Nature Nanotechnology,1748-3387,38.3,1748-3395
Nature Nanotechnology,1748-3387,38.3,1748-3395
Lancet Microbe,N/A,38.2,2666-5247
Lancet Microbe,N/A,38.2,2666-5247
Nature Reviews Neurology,1759-4758,38.1,1759-4766
CIRCULATION,0009-7322,37.8,1524-4539
CIRCULATION,0009-7322,37.8,1524-4539
Nature Catalysis,2520-1158,37.8,2520-1158
PROGRESS IN MATERIALS SCIENCE,0079-6425,37.4,1873-2208
Molecular Cancer,N/A,37.3,1476-4598
Molecular Cancer,N/A,37.3,1476-4598
CLINICAL MICROBIOLOGY REVIEWS,0893-8512,36.8,1098-6618
Foundations and Trends in Computer Graphics and Vision,1572-2740,36.5,1572-2759
Lancet Child & Adolescent Health,2352-4642,36.4,2352-4642
Nature Reviews Chemistry,N/A,36.3,2397-3358
Annual Review of Pathology-Mechanisms of Disease,1553-4006,36.2,1553-4014
Lancet Gastroenterology & Hepatology,N/A,35.7,2468-1253
IEEE Communications Surveys and Tutorials,N/A,35.6,1553-877X
IEEE Communications Surveys and Tutorials,N/A,35.6,1553-877X
Nature Photonics,1749-4885,35,1749-4893
Nature Photonics,1749-4885,35,1749-4893
NATURE REVIEWS NEUROSCIENCE,1471-003X,34.7,1471-0048
Lancet Global Health,2214-109X,34.3,2214-109X
Lancet Global Health,2214-109X,34.3,2214-109X
Nature Electronics,2520-1131,34.3,2520-1131
MMWR-MORBIDITY AND MORTALITY WEEKLY REPORT,0149-2195,33.9,1545-861X
MMWR Recommendations and Reports,1057-5987,33.7,1545-8601
Nature Reviews Rheumatology,1759-4790,33.7,1759-4804
PHYSIOLOGICAL REVIEWS,0031-9333,33.6,1522-1210
Cell Discovery,N/A,33.5,2056-5968
Annual Review of Astronomy and Astrophysics,0066-4146,33.3,1545-4282
Foundations and Trends in Machine Learning,1935-8237,32.8,1935-8245
Energy & Environmental Science,1754-5692,32.5,1754-5706
Energy & Environmental Science,1754-5692,32.5,1754-5706
Energy & Environmental Science,1754-5692,32.5,1754-5706
Energy & Environmental Science,1754-5692,32.5,1754-5706
Immunity,1074-7613,32.4,1097-4180
Innovation,2666-6758,32.1,2666-6758
Electrochemical Energy Reviews,2520-8489,31.3,2520-8136
MATERIALS SCIENCE & ENGINEERING R-REPORTS,0927-796X,31,1879-212X
MATERIALS SCIENCE & ENGINEERING R-REPORTS,0927-796X,31,1879-212X
NATURE GENETICS,1061-4036,30.8,1546-1718
Lancet Digital Health,N/A,30.8,2589-7500
Lancet Digital Health,N/A,30.8,2589-7500
Nature Climate Change,1758-678X,30.7,1758-6798
Nature Climate Change,1758-678X,30.7,1758-6798
Nature Climate Change,1758-678X,30.7,1758-6798
NATURE IMMUNOLOGY,1529-2908,30.5,1529-2916
Cell Host & Microbe,1931-3128,30.3,1934-6069
Cell Host & Microbe,1931-3128,30.3,1934-6069
Cell Host & Microbe,1931-3128,30.3,1934-6069
International Journal of Accounting and Information Management,1834-7649,30.2,1758-9037
PHYSICS REPORTS-REVIEW SECTION OF PHYSICS LETTERS,0370-1573,30,1873-6270
Nature Human Behaviour,2397-3374,29.9,2397-3374
Nature Human Behaviour,2397-3374,29.9,2397-3374
Nature Human Behaviour,2397-3374,29.9,2397-3374
Annual Review of Immunology,0732-0582,29.7,1545-3278
PROGRESS IN ENERGY AND COMBUSTION SCIENCE,0360-1285,29.5,1873-216X
PROGRESS IN ENERGY AND COMBUSTION SCIENCE,0360-1285,29.5,1873-216X
PROGRESS IN ENERGY AND COMBUSTION SCIENCE,0360-1285,29.5,1873-216X
PROGRESS IN ENERGY AND COMBUSTION SCIENCE,0360-1285,29.5,1873-216X
Gastroenterology,0016-5085,29.4,1528-0012
ADVANCED MATERIALS,0935-9648,29.4,1521-4095
ADVANCED MATERIALS,0935-9648,29.4,1521-4095
ADVANCED MATERIALS,0935-9648,29.4,1521-4095
ADVANCED MATERIALS,0935-9648,29.4,1521-4095
ADVANCED MATERIALS,0935-9648,29.4,1521-4095
ADVANCED MATERIALS,0935-9648,29.4,1521-4095
BEHAVIORAL AND BRAIN SCIENCES,0140-525X,29.3,1469-1825
BEHAVIORAL AND BRAIN SCIENCES,0140-525X,29.3,1469-1825
BEHAVIORAL AND BRAIN SCIENCES,0140-525X,29.3,1469-1825
JAMA Neurology,2168-6149,29,2168-6157
Cell Metabolism,1550-4131,29,1932-7420
Cell Metabolism,1550-4131,29,1932-7420
Journal of Hematology & Oncology,N/A,28.5,1756-8722
Journal of Hematology & Oncology,N/A,28.5,1756-8722
JAMA Oncology,2374-2437,28.4,2374-2445
SusMat,2766-8479,28.4,2692-4552
SusMat,2766-8479,28.4,2692-4552
SusMat,2766-8479,28.4,2692-4552
Nature Microbiology,2058-5276,28.3,2058-5276
Cancer Discovery,2159-8274,28.2,2159-8290
JOURNAL OF INFECTION,0163-4453,28.2,1532-2742
Nature Biomedical Engineering,2157-846X,28.1,2157-846X
Advanced Energy Materials,1614-6832,27.8,1614-6840
Advanced Energy Materials,1614-6832,27.8,1614-6840
Advanced Energy Materials,1614-6832,27.8,1614-6840
Advanced Energy Materials,1614-6832,27.8,1614-6840
Advanced Energy Materials,1614-6832,27.8,1614-6840
Annual Review of Fluid Mechanics,0066-4189,27.7,1545-4479
Annual Review of Fluid Mechanics,0066-4189,27.7,1545-4479
Nature Sustainability,2398-9629,27.6,2398-9629
Nature Sustainability,2398-9629,27.6,2398-9629
Nature Sustainability,2398-9629,27.6,2398-9629
Molecular Plant,1674-2052,27.5,1752-9867
Molecular Plant,1674-2052,27.5,1752-9867
Dialogues in Human Geography,2043-8206,27.5,2043-8214
ANNALS OF THE RHEUMATIC DISEASES,0003-4967,27.4,1468-2060
Advances in Optics and Photonics,1943-8206,27.1,N/A
PROGRESS IN POLYMER SCIENCE,0079-6700,27.1,1873-1619
Nano-Micro Letters,2311-6706,26.6,2150-5551
Nano-Micro Letters,2311-6706,26.6,2150-5551
Nano-Micro Letters,2311-6706,26.6,2150-5551
JAMA Pediatrics,2168-6203,26.1,2168-6211
JAMA Psychiatry,2168-622X,25.8,2168-6238
JAMA Psychiatry,2168-622X,25.8,2168-6238
ASTRONOMY AND ASTROPHYSICS REVIEW,0935-4956,25.8,1432-0754
JOURNAL OF HEPATOLOGY,0168-8278,25.7,1600-0641
Lancet Planetary Health,N/A,25.7,2542-5196
Lancet Planetary Health,N/A,25.7,2542-5196
Lancet Planetary Health,N/A,25.7,2542-5196
JOURNAL OF TRAVEL MEDICINE,1195-1982,25.7,1708-8305
JOURNAL OF TRAVEL MEDICINE,1195-1982,25.7,1708-8305
JOURNAL OF TRAVEL MEDICINE,1195-1982,25.7,1708-8305
Psychological Science in the Public Interest,1529-1006,25.4,1539-6053
Lancet Rheumatology,2665-9913,25.4,2665-9913
REVIEWS OF GEOPHYSICS,8755-1209,25.2,1944-9208
EnergyChem,2589-7780,25.1,2589-7780
EnergyChem,2589-7780,25.1,2589-7780
EnergyChem,2589-7780,25.1,2589-7780
EnergyChem,2589-7780,25.1,2589-7780
NATURE NEUROSCIENCE,1097-6256,25,1546-1726
Science Robotics,2470-9476,25,2470-9476
MMWR Surveillance Summaries,1545-8636,24.9,1545-8636
Science Immunology,2470-9468,24.8,2470-9468
Annual Review of Psychology,0066-4308,24.8,1545-2085
Annual Review of Psychology,0066-4308,24.8,1545-2085
Lancet Haematology,2352-3026,24.7,N/A
AMERICAN JOURNAL OF RESPIRATORY AND CRITICAL CARE MEDICINE,1073-449X,24.7,1535-4970
AMERICAN JOURNAL OF RESPIRATORY AND CRITICAL CARE MEDICINE,1073-449X,24.7,1535-4970
GUT,0017-5749,24.5,1468-3288
EUROPEAN RESPIRATORY JOURNAL,0903-1936,24.3,1399-3003
DRUG RESISTANCE UPDATES,1368-7646,24.3,1532-2084
Materials Today,1369-7021,24.2,1873-4103
Cellular & Molecular Immunology,1672-7681,24.1,2042-0226
JAMA Cardiology,2380-6583,24,2380-6591
JOURNAL OF THE AMERICAN COLLEGE OF CARDIOLOGY,0735-1097,24,1558-3597
Cell Stem Cell,1934-5909,23.9,1875-9777
Cell Stem Cell,1934-5909,23.9,1875-9777
Annual Review of Plant Biology,1543-5008,23.9,1545-2123
Nature Machine Intelligence,N/A,23.8,2522-5839
Nature Machine Intelligence,N/A,23.8,2522-5839
Annual Review of Entomology,0066-4170,23.8,1545-4487
IEEE TRANSACTIONS ON PATTERN ANALYSIS AND MACHINE INTELLIGENCE,0162-8828,23.6,1939-3539
IEEE TRANSACTIONS ON PATTERN ANALYSIS AND MACHINE INTELLIGENCE,0162-8828,23.6,1939-3539
Chem,2451-9294,23.5,2451-9294
EUROPEAN UROLOGY,0302-2838,23.4,1873-7560
Nature Food,N/A,23.2,2662-1355
PSYCHOTHERAPY AND PSYCHOSOMATICS,0033-3190,22.8,1423-0348
PSYCHOTHERAPY AND PSYCHOSOMATICS,0033-3190,22.8,1423-0348
PSYCHOTHERAPY AND PSYCHOSOMATICS,0033-3190,22.8,1423-0348
COMMUNICATIONS OF THE ACM,0001-0782,22.7,1557-7317
COMMUNICATIONS OF THE ACM,0001-0782,22.7,1557-7317
COMMUNICATIONS OF THE ACM,0001-0782,22.7,1557-7317
Nature Cancer,N/A,22.7,2662-1347
InfoMat,N/A,22.7,2567-3165
Annual Review of Condensed Matter Physics,1947-5454,22.6,1947-5462
PSYCHOLOGICAL BULLETIN,0033-2909,22.4,1939-1455
PSYCHOLOGICAL BULLETIN,0033-2909,22.4,1939-1455
APPLIED CATALYSIS B-ENVIRONMENTAL,0926-3373,22.1,1873-3883
APPLIED CATALYSIS B-ENVIRONMENTAL,0926-3373,22.1,1873-3883
APPLIED CATALYSIS B-ENVIRONMENTAL,0926-3373,22.1,1873-3883
ACS Energy Letters,2380-8195,22,2380-8195
ACS Energy Letters,2380-8195,22,2380-8195
ACS Energy Letters,2380-8195,22,2380-8195
ACS Energy Letters,2380-8195,22,2380-8195
ACS Energy Letters,2380-8195,22,2380-8195
Nature Chemistry,1755-4330,21.8,1755-4349
NATURE CELL BIOLOGY,1465-7392,21.3,1476-4679
Academy of Management Annals,1941-6520,21.2,1941-6067
Academy of Management Annals,1941-6520,21.2,1941-6067
PHARMACOLOGICAL REVIEWS,0031-6997,21.1,1521-0081
Military Medical Research,2095-7467,21.1,2054-9369
Protein & Cell,1674-800X,21.1,1674-8018
INTERNATIONAL JOURNAL OF INFORMATION MANAGEMENT,0268-4012,21,1873-4707
Lancet Regional Health-Europe,2666-7762,20.9,2666-7762
Lancet Regional Health-Europe,2666-7762,20.9,2666-7762
Living Reviews in Solar Physics,2367-3648,20.9,1614-4961
Nature Metabolism,N/A,20.8,2522-5812
Annual Review of Public Health,0163-7525,20.8,1545-2093
Annual Review of Public Health,0163-7525,20.8,1545-2093
PROCEEDINGS OF THE IEEE,0018-9219,20.6,1558-2256
National Science Review,2095-5138,20.6,2053-714X
COORDINATION CHEMISTRY REVIEWS,0010-8545,20.6,1873-3840
TRENDS IN PLANT SCIENCE,1360-1385,20.5,1878-4372
Carbon Energy,N/A,20.5,2637-9368
Carbon Energy,N/A,20.5,2637-9368
Carbon Energy,N/A,20.5,2637-9368
Carbon Energy,N/A,20.5,2637-9368
Journal of Thoracic Oncology,1556-0864,20.4,1556-1380
Journal of Thoracic Oncology,1556-0864,20.4,1556-1380
Energy Storage Materials,2405-8297,20.4,2405-8289
Energy Storage Materials,2405-8297,20.4,2405-8289
Energy Storage Materials,2405-8297,20.4,2405-8289
SmartMat,2766-8525,20.4,2688-819X
SmartMat,2766-8525,20.4,2688-819X
FUNGAL DIVERSITY,1560-2745,20.3,1878-9129
BLOOD,0006-4971,20.3,1528-0020
ENDOCRINE REVIEWS,0163-769X,20.3,1945-7189
CIRCULATION RESEARCH,0009-7330,20.1,1524-4571
CIRCULATION RESEARCH,0009-7330,20.1,1524-4571
CIRCULATION RESEARCH,0009-7330,20.1,1524-4571
Advanced Composites and Hybrid Materials,2522-0128,20.1,2522-0136
Advanced Composites and Hybrid Materials,2522-0128,20.1,2522-0136
TRENDS IN COGNITIVE SCIENCES,1364-6613,19.9,1879-307X
TRENDS IN COGNITIVE SCIENCES,1364-6613,19.9,1879-307X
TRENDS IN COGNITIVE SCIENCES,1364-6613,19.9,1879-307X
RADIOLOGY,0033-8419,19.7,N/A
Nature Physics,1745-2473,19.6,1745-2481
KIDNEY INTERNATIONAL,0085-2538,19.6,1523-1755
INTERNATIONAL JOURNAL OF COMPUTER VISION,0920-5691,19.5,1573-1405
Light-Science & Applications,2095-5545,19.4,2047-7538
Qualitative Research in Psychology,1478-0887,19,1478-0895
Eurosurveillance,1025-496X,19,1560-7917
ADVANCED FUNCTIONAL MATERIALS,1616-301X,19,1616-3028
ADVANCED FUNCTIONAL MATERIALS,1616-301X,19,1616-3028
ADVANCED FUNCTIONAL MATERIALS,1616-301X,19,1616-3028
ADVANCED FUNCTIONAL MATERIALS,1616-301X,19,1616-3028
ADVANCED FUNCTIONAL MATERIALS,1616-301X,19,1616-3028
ADVANCED FUNCTIONAL MATERIALS,1616-301X,19,1616-3028
TRENDS IN CELL BIOLOGY,0962-8924,19,1879-3088
Bioactive Materials,N/A,18.9,2452-199X
Bioactive Materials,N/A,18.9,2452-199X
Science Bulletin,2095-9273,18.9,2095-9281
Matter,2590-2393,18.9,2590-2385
Aggregate,N/A,18.8,2692-4560
Aggregate,N/A,18.8,2692-4560
Aggregate,N/A,18.8,2692-4560
Information Fusion,1566-2535,18.6,1872-6305
Information Fusion,1566-2535,18.6,1872-6305
PERIODONTOLOGY 2000,0906-6713,18.6,1600-0757
Annual Review of Clinical Psychology,1548-5943,18.4,1548-5951
Annual Review of Clinical Psychology,1548-5943,18.4,1548-5951
BRITISH JOURNAL OF SPORTS MEDICINE,0306-3674,18.4,1473-0480
Trends in Cancer,2405-8025,18.4,2405-8033
Nature Geoscience,1752-0894,18.3,1752-0908
ACCOUNTS OF CHEMICAL RESEARCH,0001-4842,18.3,1520-4898
EUROPEAN JOURNAL OF HEART FAILURE,1388-9842,18.2,1879-0844
ACS Central Science,2374-7943,18.2,2374-7951
Annual Review of Physiology,0066-4278,18.2,1545-1585
JOURNAL OF THE ACADEMY OF MARKETING SCIENCE,0092-0703,18.2,1552-7824
Journal of Innovation & Knowledge,2530-7614,18.1,2444-569X
Journal of Innovation & Knowledge,2530-7614,18.1,2444-569X
REPORTS ON PROGRESS IN PHYSICS,0034-4885,18.1,1361-6633
Nature Plants,2055-026X,18,2055-0278
Archives of Cardiovascular Diseases Supplements,1878-6480,18,1878-6502
PROGRESS IN RETINAL AND EYE RESEARCH,1350-9462,17.8,1873-1635
AMERICAN JOURNAL OF PSYCHIATRY,0002-953X,17.7,1535-7228
AMERICAN JOURNAL OF PSYCHIATRY,0002-953X,17.7,1535-7228
Nano Energy,2211-2855,17.6,2211-3282
Nano Energy,2211-2855,17.6,2211-3282
Nano Energy,2211-2855,17.6,2211-3282
Nano Energy,2211-2855,17.6,2211-3282
IEEE Reviews in Biomedical Engineering,1937-3333,17.6,1941-1189
Journal of Magnesium and Alloys,2213-9567,17.6,2213-9567
Nano Today,1748-0132,17.4,1878-044X
Nano Today,1748-0132,17.4,1878-044X
Nano Today,1748-0132,17.4,1878-044X
Advanced Photonics,N/A,17.3,2577-5421
Annual Review of Marine Science,1941-1405,17.3,1941-0611
Annual Review of Marine Science,1941-1405,17.3,1941-0611
TRENDS IN BIOTECHNOLOGY,0167-7799,17.3,1879-3096
JOURNAL OF THE ROYAL SOCIETY OF MEDICINE,0141-0768,17.3,1758-1095
Science Translational Medicine,1946-6234,17.1,1946-6242
Science Translational Medicine,1946-6234,17.1,1946-6242
ACS Nano,1936-0851,17.1,1936-086X
ACS Nano,1936-0851,17.1,1936-086X
ACS Nano,1936-0851,17.1,1936-086X
ACS Nano,1936-0851,17.1,1936-086X
Med,2666-6340,17,2666-6340
JAMA Surgery,2168-6254,16.9,2168-6262
Journal of Advanced Ceramics,2226-4108,16.9,2227-8508
Nature Ecology & Evolution,2397-334X,16.8,2397-334X
Nature Ecology & Evolution,2397-334X,16.8,2397-334X
NATURE STRUCTURAL & MOLECULAR BIOLOGY,1545-9993,16.8,1545-9985
NATURE STRUCTURAL & MOLECULAR BIOLOGY,1545-9993,16.8,1545-9985
NATURE STRUCTURAL & MOLECULAR BIOLOGY,1545-9993,16.8,1545-9985
TRENDS IN ECOLOGY & EVOLUTION,0169-5347,16.8,1872-8383
TRENDS IN ECOLOGY & EVOLUTION,0169-5347,16.8,1872-8383
TRENDS IN ECOLOGY & EVOLUTION,0169-5347,16.8,1872-8383
TRENDS IN IMMUNOLOGY,1471-4906,16.8,1471-4981
ACM COMPUTING SURVEYS,0360-0300,16.6,1557-7341
Nature Communications,N/A,16.6,2041-1723
Nature Aging,N/A,16.6,2662-8465
Nature Aging,N/A,16.6,2662-8465
Nature Aging,N/A,16.6,2662-8465
ANGEWANDTE CHEMIE-INTERNATIONAL EDITION,1433-7851,16.6,1521-3773
Annual Review of Biochemistry,0066-4154,16.6,1545-4509
STUDIES IN MYCOLOGY,0166-0616,16.5,1872-9797
PhotoniX,N/A,16.5,2662-1991
Chinese Journal of Catalysis,0253-9837,16.5,1872-2067
Chinese Journal of Catalysis,0253-9837,16.5,1872-2067
Chinese Journal of Catalysis,0253-9837,16.5,1872-2067
AMERICAN PSYCHOLOGIST,0003-066X,16.4,1935-990X
IEEE JOURNAL ON SELECTED AREAS IN COMMUNICATIONS,0733-8716,16.4,1558-0008
IEEE JOURNAL ON SELECTED AREAS IN COMMUNICATIONS,0733-8716,16.4,1558-0008
ACADEMY OF MANAGEMENT REVIEW,0363-7425,16.4,1930-3807
ACADEMY OF MANAGEMENT REVIEW,0363-7425,16.4,1930-3807
Annual Review of Environment and Resources,1543-5938,16.4,1545-2050
Annual Review of Environment and Resources,1543-5938,16.4,1545-2050
DIABETES CARE,0149-5992,16.2,1935-5548
Neuron,0896-6273,16.2,1097-4199
Cancer Communications,N/A,16.2,2523-3548
One Earth,2590-3330,16.2,2590-3322
One Earth,2590-3330,16.2,2590-3322
One Earth,2590-3330,16.2,2590-3322
Advanced Fiber Materials,2524-7921,16.1,2524-793X
Advanced Fiber Materials,2524-7921,16.1,2524-793X
Lancet HIV,2352-3018,16.1,2352-3018
Lancet HIV,2352-3018,16.1,2352-3018
ADVANCED DRUG DELIVERY REVIEWS,0169-409X,16.1,1872-8294
INTERNATIONAL MATERIALS REVIEWS,0950-6608,16.1,1743-2804
Molecular Cell,1097-2765,16,1097-4164
Molecular Cell,1097-2765,16,1097-4164
Journal of Extracellular Vesicles,N/A,16,2001-3078
BIOTECHNOLOGY ADVANCES,0734-9750,16,1873-1899
JOURNAL OF CLINICAL INVESTIGATION,0021-9738,15.9,1558-8238
NEURO-ONCOLOGY,1522-8517,15.9,1523-5866
NEURO-ONCOLOGY,1522-8517,15.9,1523-5866
TRENDS IN NEUROSCIENCES,0166-2236,15.9,1878-108X
RENEWABLE & SUSTAINABLE ENERGY REVIEWS,1364-0321,15.9,1879-0690
RENEWABLE & SUSTAINABLE ENERGY REVIEWS,1364-0321,15.9,1879-0690
TRENDS IN MICROBIOLOGY,0966-842X,15.9,1878-4380
TRENDS IN MICROBIOLOGY,0966-842X,15.9,1878-4380
Small Structures,N/A,15.9,2688-4062
Small Structures,N/A,15.9,2688-4062
Small Structures,N/A,15.9,2688-4062
Industrial and Organizational Psychology-Perspectives on Science and Practice,1754-9426,15.8,1754-9434
PLOS MEDICINE,1549-1277,15.8,1549-1676
Journal of Industrial Information Integration,2467-964X,15.7,2452-414X
Journal of Industrial Information Integration,2467-964X,15.7,2452-414X
Trends in Chemistry,N/A,15.7,2589-5974
Environmental Chemistry Letters,1610-3653,15.7,1610-3661
Environmental Chemistry Letters,1610-3653,15.7,1610-3661
Environmental Chemistry Letters,1610-3653,15.7,1610-3661
ADVANCES IN COLLOID AND INTERFACE SCIENCE,0001-8686,15.6,1873-3727
Microbiome,2049-2618,15.5,2049-2618
International Journal of Surgery,1743-9191,15.3,1743-9159
JOURNAL OF EXPERIMENTAL MEDICINE,0022-1007,15.3,1540-9538
JOURNAL OF EXPERIMENTAL MEDICINE,0022-1007,15.3,1540-9538
Nature Reviews Urology,1759-4812,15.3,1759-4820
TRENDS IN FOOD SCIENCE & TECHNOLOGY,0924-2244,15.3,1879-3053
npj Digital Medicine,2398-6352,15.2,2398-6352
npj Digital Medicine,2398-6352,15.2,2398-6352
Molecular Neurodegeneration,N/A,15.1,1750-1326
EClinicalMedicine,N/A,15.1,2589-5370
BRAIN BEHAVIOR AND IMMUNITY,0889-1591,15.1,1090-2139
BRAIN BEHAVIOR AND IMMUNITY,0889-1591,15.1,1090-2139
BRAIN BEHAVIOR AND IMMUNITY,0889-1591,15.1,1090-2139
Advanced Science,N/A,15.1,2198-3844
Advanced Science,N/A,15.1,2198-3844
Advanced Science,N/A,15.1,2198-3844
Chemical Engineering Journal,1385-8947,15.1,1873-3212
Chemical Engineering Journal,1385-8947,15.1,1873-3212
CRITICAL CARE,1364-8535,15.1,1466-609X
Journal of the American Chemical Society,0002-7863,15,1520-5126
Energy & Environmental Materials,N/A,15,2575-0356
Applied Physics Reviews,1931-9401,15,1931-9401
International Journal of Oral Science,1674-2818,14.9,2049-3169
NUCLEIC ACIDS RESEARCH,0305-1048,14.9,1362-4962
IEEE SIGNAL PROCESSING MAGAZINE,1053-5888,14.9,1558-0792
Annual Review of Earth and Planetary Sciences,0084-6597,14.9,1545-4495
Annual Review of Earth and Planetary Sciences,0084-6597,14.9,1545-4495
Nature Protocols,1754-2189,14.8,1750-2799
Nature Chemical Biology,1552-4450,14.8,1552-4469
COMPREHENSIVE REVIEWS IN FOOD SCIENCE AND FOOD SAFETY,1541-4337,14.8,1541-4337
International Journal of Extreme Manufacturing,2631-8644,14.7,2631-7990
International Journal of Extreme Manufacturing,2631-8644,14.7,2631-7990
Annual Review of Physical Chemistry,0066-426X,14.7,1545-1593
HARVARD BUSINESS REVIEW,0017-8012,14.7,0017-8012
HARVARD BUSINESS REVIEW,0017-8012,14.7,0017-8012
Mycosphere,2077-7000,14.6,2077-7019
Accounts of Materials Research,N/A,14.6,2643-6728
Accounts of Materials Research,N/A,14.6,2643-6728
IEEE Geoscience and Remote Sensing Magazine,2473-2397,14.6,2168-6831
IEEE Geoscience and Remote Sensing Magazine,2473-2397,14.6,2168-6831
IEEE Geoscience and Remote Sensing Magazine,2473-2397,14.6,2168-6831
npj Flexible Electronics,N/A,14.6,2397-4621
npj Flexible Electronics,N/A,14.6,2397-4621
CANADIAN MEDICAL ASSOCIATION JOURNAL,0820-3946,14.6,1488-2329
EcoMat,N/A,14.6,2567-3173
EcoMat,N/A,14.6,2567-3173
EcoMat,N/A,14.6,2567-3173
BRAIN,0006-8950,14.5,1460-2156
BRAIN,0006-8950,14.5,1460-2156
Acta Pharmaceutica Sinica B,2211-3835,14.5,2211-3843
SEMINARS IN CANCER BIOLOGY,1044-579X,14.5,1096-3650
REVIEWS IN ENVIRONMENTAL SCIENCE AND BIO-TECHNOLOGY,1569-1705,14.4,1572-9826
REVIEWS IN ENVIRONMENTAL SCIENCE AND BIO-TECHNOLOGY,1569-1705,14.4,1572-9826
ARTIFICIAL INTELLIGENCE,0004-3702,14.4,1872-7921
IEEE TRANSACTIONS ON EVOLUTIONARY COMPUTATION,1089-778X,14.3,1941-0026
IEEE TRANSACTIONS ON EVOLUTIONARY COMPUTATION,1089-778X,14.3,1941-0026
Cell Reports Medicine,2666-3791,14.3,2666-3791
Cell Reports Medicine,2666-3791,14.3,2666-3791
Applied Mechanics Reviews,0003-6900,14.3,2379-0407
ACTA NUMERICA,0962-4929,14.2,1474-0508
JOURNAL OF ALLERGY AND CLINICAL IMMUNOLOGY,0091-6749,14.2,1097-6825
JOURNAL OF ALLERGY AND CLINICAL IMMUNOLOGY,0091-6749,14.2,1097-6825
CLINICAL MICROBIOLOGY AND INFECTION,1198-743X,14.2,1469-0691
CLINICAL MICROBIOLOGY AND INFECTION,1198-743X,14.2,1469-0691
Nature Astronomy,2397-3366,14.1,2397-3366
Opto-Electronic Advances,2096-4579,14.1,2096-4579
Alzheimers & Dementia,1552-5260,14,1552-5279
JACC-Cardiovascular Imaging,1936-878X,14,1876-7591
JACC-Cardiovascular Imaging,1936-878X,14,1876-7591
BIOMATERIALS,0142-9612,14,1878-5905
BIOMATERIALS,0142-9612,14,1878-5905
INTERNATIONAL JOURNAL OF MACHINE TOOLS & MANUFACTURE,0890-6955,14,1879-2170
INTERNATIONAL JOURNAL OF MACHINE TOOLS & MANUFACTURE,0890-6955,14,1879-2170
Annual Review of Neuroscience,0147-006X,13.9,1545-4126
JOURNAL OF THE AMERICAN ACADEMY OF DERMATOLOGY,0190-9622,13.8,1097-6787
JAMA Network Open,2574-3805,13.8,2574-3805
PLANT BIOTECHNOLOGY JOURNAL,1467-7644,13.8,1467-7652
PLANT BIOTECHNOLOGY JOURNAL,1467-7644,13.8,1467-7652
Liver Cancer,2235-1795,13.8,1664-5553
Liver Cancer,2235-1795,13.8,1664-5553
TRENDS IN PHARMACOLOGICAL SCIENCES,0165-6147,13.8,1873-3735
TRENDS IN BIOCHEMICAL SCIENCES,0968-0004,13.8,1362-4326
QUARTERLY JOURNAL OF ECONOMICS,0033-5533,13.7,1531-4650
OPHTHALMOLOGY,0161-6420,13.7,1549-4713
Annual Review of Organizational Psychology and Organizational Behavior,2327-0608,13.7,2327-0616
Annual Review of Organizational Psychology and Organizational Behavior,2327-0608,13.7,2327-0616
Advances in Methods and Practices in Psychological Science,2515-2459,13.6,2515-2467
Advances in Methods and Practices in Psychological Science,2515-2459,13.6,2515-2467
JOURNAL OF THE AMERICAN SOCIETY OF NEPHROLOGY,1046-6673,13.6,1533-3450
EUROPEAN JOURNAL OF EPIDEMIOLOGY,0393-2990,13.6,1573-7284
Science Advances,2375-2548,13.6,2375-2548
Big Data Mining and Analytics,N/A,13.6,2096-0654
Big Data Mining and Analytics,N/A,13.6,2096-0654
JOURNAL OF HAZARDOUS MATERIALS,0304-3894,13.6,1873-3336
JOURNAL OF HAZARDOUS MATERIALS,0304-3894,13.6,1873-3336
PROGRESS IN LIPID RESEARCH,0163-7827,13.6,1873-2194
PROGRESS IN LIPID RESEARCH,0163-7827,13.6,1873-2194
TRENDS IN MOLECULAR MEDICINE,1471-4914,13.6,1471-499X
TRENDS IN MOLECULAR MEDICINE,1471-4914,13.6,1471-499X
TRENDS IN MOLECULAR MEDICINE,1471-4914,13.6,1471-499X
AUTOIMMUNITY REVIEWS,1568-9972,13.6,1873-0183
JOURNAL OF PHOTOCHEMISTRY AND PHOTOBIOLOGY C-PHOTOCHEMISTRY REVIEWS,1389-5567,13.6,1873-2739
HEPATOLOGY,0270-9139,13.5,1527-3350
REMOTE SENSING OF ENVIRONMENT,0034-4257,13.5,1879-0704
REMOTE SENSING OF ENVIRONMENT,0034-4257,13.5,1879-0704
REMOTE SENSING OF ENVIRONMENT,0034-4257,13.5,1879-0704
JOURNAL OF MANAGEMENT,0149-2063,13.5,1557-1211
JOURNAL OF MANAGEMENT,0149-2063,13.5,1557-1211
JOURNAL OF MANAGEMENT,0149-2063,13.5,1557-1211
PHARMACOLOGY & THERAPEUTICS,0163-7258,13.5,1879-016X
AMERICAN JOURNAL OF BIOETHICS,1526-5161,13.4,1536-0075
AMERICAN JOURNAL OF BIOETHICS,1526-5161,13.4,1536-0075
AMERICAN JOURNAL OF BIOETHICS,1526-5161,13.4,1536-0075
AMERICAN JOURNAL OF BIOETHICS,1526-5161,13.4,1536-0075
Annual Review of Control Robotics and Autonomous Systems,N/A,13.4,2573-5144
Annual Review of Control Robotics and Autonomous Systems,N/A,13.4,2573-5144
Business Strategy and the Environment,0964-4733,13.4,1099-0836
Business Strategy and the Environment,0964-4733,13.4,1099-0836
Business Strategy and the Environment,0964-4733,13.4,1099-0836
Journal of the National Comprehensive Cancer Network,1540-1405,13.4,1540-1413
HUMAN REPRODUCTION UPDATE,1355-4786,13.3,1460-2369
HUMAN REPRODUCTION UPDATE,1355-4786,13.3,1460-2369
Arthritis & Rheumatology,2326-5191,13.3,2326-5205
JOURNAL OF THE AMERICAN ACADEMY OF CHILD AND ADOLESCENT PSYCHIATRY,0890-8567,13.3,1527-5418
JOURNAL OF THE AMERICAN ACADEMY OF CHILD AND ADOLESCENT PSYCHIATRY,0890-8567,13.3,1527-5418
JOURNAL OF THE AMERICAN ACADEMY OF CHILD AND ADOLESCENT PSYCHIATRY,0890-8567,13.3,1527-5418
JOURNAL OF THE AMERICAN ACADEMY OF CHILD AND ADOLESCENT PSYCHIATRY,0890-8567,13.3,1527-5418
Materials Horizons,2051-6347,13.3,2051-6355
Materials Horizons,2051-6347,13.3,2051-6355
Small,1613-6810,13.3,1613-6829
Small,1613-6810,13.3,1613-6829
Small,1613-6810,13.3,1613-6829
Small,1613-6810,13.3,1613-6829
Small,1613-6810,13.3,1613-6829
Small,1613-6810,13.3,1613-6829
MEDICINAL RESEARCH REVIEWS,0198-6325,13.3,1098-1128
MEDICINAL RESEARCH REVIEWS,0198-6325,13.3,1098-1128
Autophagy,1554-8627,13.3,1554-8635
Green Energy & Environment,2096-2797,13.3,2468-0257
Green Energy & Environment,2096-2797,13.3,2468-0257
Green Energy & Environment,2096-2797,13.3,2468-0257
Green Energy & Environment,2096-2797,13.3,2468-0257
QJM-AN INTERNATIONAL JOURNAL OF MEDICINE,1460-2725,13.3,1460-2393
ANNALS OF TOURISM RESEARCH,0160-7383,13.2,1873-7722
ANNALS OF TOURISM RESEARCH,0160-7383,13.2,1873-7722
AMERICAN JOURNAL OF KIDNEY DISEASES,0272-6386,13.2,1523-6838
Emerging Microbes & Infections,N/A,13.2,2222-1751
Emerging Microbes & Infections,N/A,13.2,2222-1751
Emerging Microbes & Infections,N/A,13.2,2222-1751
RESOURCES CONSERVATION AND RECYCLING,0921-3449,13.2,1879-0658
RESOURCES CONSERVATION AND RECYCLING,0921-3449,13.2,1879-0658
Review of Asset Pricing Studies,2045-9920,13.1,2045-9939
Lancet Healthy Longevity,2666-7568,13.1,2666-7568
COMPOSITES PART B-ENGINEERING,1359-8368,13.1,1879-1069
COMPOSITES PART B-ENGINEERING,1359-8368,13.1,1879-1069
Journal of Energy Chemistry,2095-4956,13.1,2095-4956
Journal of Energy Chemistry,2095-4956,13.1,2095-4956
Journal of Energy Chemistry,2095-4956,13.1,2095-4956
Journal of Energy Chemistry,2095-4956,13.1,2095-4956
AGEING RESEARCH REVIEWS,1568-1637,13.1,1872-9649
AGEING RESEARCH REVIEWS,1568-1637,13.1,1872-9649
TRAC-TRENDS IN ANALYTICAL CHEMISTRY,0165-9936,13.1,1879-3142
Polymer Reviews,1558-3724,13.1,1558-3716
JACC-Heart Failure,2213-1779,13,2213-1787
CYTOKINE & GROWTH FACTOR REVIEWS,1359-6101,13,1879-0305
CYTOKINE & GROWTH FACTOR REVIEWS,1359-6101,13,1879-0305
Biofuel Research Journal-BRJ,2292-8782,13,2292-8782
Analytic Methods in Accident Research,2213-6657,12.9,2213-6665
Analytic Methods in Accident Research,2213-6657,12.9,2213-6665
IEEE WIRELESS COMMUNICATIONS,1536-1284,12.9,1558-0687
IEEE WIRELESS COMMUNICATIONS,1536-1284,12.9,1558-0687
IEEE WIRELESS COMMUNICATIONS,1536-1284,12.9,1558-0687
IEEE WIRELESS COMMUNICATIONS,1536-1284,12.9,1558-0687
JOURNAL OF MARKETING,0022-2429,12.9,1547-7185
ACS Catalysis,2155-5435,12.9,2155-5435
Computer Science Review,1574-0137,12.9,1876-7745
Computer Science Review,1574-0137,12.9,1876-7745
Computer Science Review,1574-0137,12.9,1876-7745
Energy Material Advances,2097-1133,12.9,2692-7640
MICROBIOLOGY AND MOLECULAR BIOLOGY REVIEWS,1092-2172,12.9,1098-5557
Energy Economics,0140-9883,12.8,1873-6181
Engineering,2095-8099,12.8,2096-0026
WATER RESEARCH,0043-1354,12.8,1879-2448
WATER RESEARCH,0043-1354,12.8,1879-2448
WATER RESEARCH,0043-1354,12.8,1879-2448
CLINICAL PSYCHOLOGY REVIEW,0272-7358,12.8,1873-7811
JOURNAL OF AUTOIMMUNITY,0896-8411,12.8,1095-9157
Blood Cancer Journal,2044-5385,12.8,2044-5385
Blood Cancer Journal,2044-5385,12.8,2044-5385
AMERICAN JOURNAL OF HEMATOLOGY,0361-8609,12.8,1096-8652
EXPERIMENTAL AND MOLECULAR MEDICINE,1226-3613,12.8,2092-6413
EXPERIMENTAL AND MOLECULAR MEDICINE,1226-3613,12.8,2092-6413
ACTA NEUROPATHOLOGICA,0001-6322,12.7,1432-0533
ACTA NEUROPATHOLOGICA,0001-6322,12.7,1432-0533
ACTA NEUROPATHOLOGICA,0001-6322,12.7,1432-0533
Tourism Management,0261-5177,12.7,1879-3193
Tourism Management,0261-5177,12.7,1879-3193
Tourism Management,0261-5177,12.7,1879-3193
ISPRS JOURNAL OF PHOTOGRAMMETRY AND REMOTE SENSING,0924-2716,12.7,1872-8235
ISPRS JOURNAL OF PHOTOGRAMMETRY AND REMOTE SENSING,0924-2716,12.7,1872-8235
ISPRS JOURNAL OF PHOTOGRAMMETRY AND REMOTE SENSING,0924-2716,12.7,1872-8235
ISPRS JOURNAL OF PHOTOGRAMMETRY AND REMOTE SENSING,0924-2716,12.7,1872-8235
Bone Research,2095-4700,12.7,2095-6231
AMERICAN JOURNAL OF PUBLIC HEALTH,0090-0036,12.7,1541-0048
AMERICAN JOURNAL OF PUBLIC HEALTH,0090-0036,12.7,1541-0048
Biochar,2524-7972,12.7,2524-7867
Biochar,2524-7972,12.7,2524-7867
JOURNAL OF MEDICAL VIROLOGY,0146-6615,12.7,1096-9071
Small Science,2688-4046,12.7,2688-4046
Small Science,2688-4046,12.7,2688-4046
JOURNAL OF ECONOMIC LITERATURE,0022-0515,12.6,2328-8175
Perspectives on Psychological Science,1745-6916,12.6,1745-6924
Clinical Gastroenterology and Hepatology,1542-3565,12.6,1542-7714
BIOSENSORS & BIOELECTRONICS,0956-5663,12.6,1873-4235
BIOSENSORS & BIOELECTRONICS,0956-5663,12.6,1873-4235
BIOSENSORS & BIOELECTRONICS,0956-5663,12.6,1873-4235
BIOSENSORS & BIOELECTRONICS,0956-5663,12.6,1873-4235
BIOSENSORS & BIOELECTRONICS,0956-5663,12.6,1873-4235
Translational Neurodegeneration,2047-9158,12.6,2047-9158
Environmental Science and Ecotechnology,2666-4984,12.6,2666-4984
Environmental Science and Ecotechnology,2666-4984,12.6,2666-4984
CRITICAL REVIEWS IN ENVIRONMENTAL SCIENCE AND TECHNOLOGY,1064-3389,12.6,1547-6537
Physical Review X,2160-3308,12.5,2160-3308
Annual Review of Pharmacology and Toxicology,0362-1642,12.5,1545-4304
Annual Review of Pharmacology and Toxicology,0362-1642,12.5,1545-4304
SUSTAINABLE DEVELOPMENT,0968-0802,12.5,1099-1719
SUSTAINABLE DEVELOPMENT,0968-0802,12.5,1099-1719
SUSTAINABLE DEVELOPMENT,0968-0802,12.5,1099-1719
TECHNOVATION,0166-4972,12.5,1879-2383
TECHNOVATION,0166-4972,12.5,1879-2383
TECHNOVATION,0166-4972,12.5,1879-2383
Journal of Hospitality Marketing & Management,1936-8623,12.5,1936-8631
Journal of Hospitality Marketing & Management,1936-8623,12.5,1936-8631
Journal of Hospitality Marketing & Management,1936-8623,12.5,1936-8631
MOLECULAR THERAPY,1525-0016,12.4,1525-0024
MOLECULAR THERAPY,1525-0016,12.4,1525-0024
MOLECULAR THERAPY,1525-0016,12.4,1525-0024
Theranostics,1838-7640,12.4,1838-7640
Annual Review of Nuclear and Particle Science,0163-8998,12.4,1545-4134
Annual Review of Nuclear and Particle Science,0163-8998,12.4,1545-4134
ALLERGY,0105-4538,12.4,1398-9995
ALLERGY,0105-4538,12.4,1398-9995
JOURNAL OF SERVICE RESEARCH,1094-6705,12.4,1552-7379
Annual Review of Biophysics,1936-122X,12.4,1936-1238
CELL DEATH AND DIFFERENTIATION,1350-9047,12.4,1476-5403
CELL DEATH AND DIFFERENTIATION,1350-9047,12.4,1476-5403
Annual Review of Food Science and Technology,1941-1413,12.4,1941-1421
Small Methods,2366-9608,12.4,2366-9608
Small Methods,2366-9608,12.4,2366-9608
Small Methods,2366-9608,12.4,2366-9608
GENOME BIOLOGY,1474-760X,12.3,1474-760X
GENOME BIOLOGY,1474-760X,12.3,1474-760X
Genome Medicine,1756-994X,12.3,1756-994X
IEEE Transactions on Industrial Informatics,1551-3203,12.3,1941-0050
IEEE Transactions on Industrial Informatics,1551-3203,12.3,1941-0050
IEEE Transactions on Industrial Informatics,1551-3203,12.3,1941-0050
CLINICAL AND EXPERIMENTAL HYPERTENSION,1064-1963,12.3,1525-6006
CLINICAL AND EXPERIMENTAL HYPERTENSION,1064-1963,12.3,1525-6006
Journal of Public Transportation,1077-291X,12.2,2375-0901
Gut Microbes,1949-0976,12.2,1949-0984
Gut Microbes,1949-0976,12.2,1949-0984
Journal of Physiotherapy,1836-9553,12.1,1836-9561
Journal of Physiotherapy,1836-9553,12.1,1836-9561
Sustainable Production and Consumption,2352-5509,12.1,2352-5509
Sustainable Production and Consumption,2352-5509,12.1,2352-5509
Sustainable Production and Consumption,2352-5509,12.1,2352-5509
JOURNAL OF MANUFACTURING SYSTEMS,0278-6125,12.1,1878-6642
JOURNAL OF MANUFACTURING SYSTEMS,0278-6125,12.1,1878-6642
JOURNAL OF MANUFACTURING SYSTEMS,0278-6125,12.1,1878-6642
EARTH-SCIENCE REVIEWS,0012-8252,12.1,1872-6828
Annual Review of Animal Biosciences,2165-8102,12,2165-8110
Annual Review of Animal Biosciences,2165-8102,12,2165-8110
Annual Review of Animal Biosciences,2165-8102,12,2165-8110
Annual Review of Animal Biosciences,2165-8102,12,2165-8110
COMPUTERS & EDUCATION,0360-1315,12,1873-782X
COMPUTERS & EDUCATION,0360-1315,12,1873-782X
TECHNOLOGICAL FORECASTING AND SOCIAL CHANGE,0040-1625,12,1873-5509
TECHNOLOGICAL FORECASTING AND SOCIAL CHANGE,0040-1625,12,1873-5509
INTERNATIONAL JOURNAL OF PRODUCTION ECONOMICS,0925-5273,12,1873-7579
INTERNATIONAL JOURNAL OF PRODUCTION ECONOMICS,0925-5273,12,1873-7579
INTERNATIONAL JOURNAL OF PRODUCTION ECONOMICS,0925-5273,12,1873-7579
Travel Medicine and Infectious Disease,1477-8939,12,1873-0442
Travel Medicine and Infectious Disease,1477-8939,12,1873-0442
ARTIFICIAL INTELLIGENCE REVIEW,0269-2821,12,1573-7462
PROGRESS IN SOLID STATE CHEMISTRY,0079-6786,12,1873-1643
IEEE TRANSACTIONS ON FUZZY SYSTEMS,1063-6706,11.9,1941-0034
IEEE TRANSACTIONS ON FUZZY SYSTEMS,1063-6706,11.9,1941-0034
eTransportation,2590-1168,11.9,2590-1168
eTransportation,2590-1168,11.9,2590-1168
eTransportation,2590-1168,11.9,2590-1168
Journal of Materials Chemistry A,2050-7488,11.9,2050-7496
Journal of Materials Chemistry A,2050-7488,11.9,2050-7496
Journal of Materials Chemistry A,2050-7488,11.9,2050-7496
NATURAL PRODUCT REPORTS,0265-0568,11.9,1460-4752
NATURAL PRODUCT REPORTS,0265-0568,11.9,1460-4752
NATURAL PRODUCT REPORTS,0265-0568,11.9,1460-4752
PSYCHIATRY AND CLINICAL NEUROSCIENCES,1323-1316,11.9,1440-1819
PSYCHIATRY AND CLINICAL NEUROSCIENCES,1323-1316,11.9,1440-1819
PSYCHIATRY AND CLINICAL NEUROSCIENCES,1323-1316,11.9,1440-1819
General Psychiatry,2096-5923,11.9,2517-729X
International Journal of Mining Science and Technology,2095-2686,11.8,2212-6066
CLINICAL INFECTIOUS DISEASES,1058-4838,11.8,1537-6591
CLINICAL INFECTIOUS DISEASES,1058-4838,11.8,1537-6591
CLINICAL INFECTIOUS DISEASES,1058-4838,11.8,1537-6591
IEEE Transactions on Cybernetics,2168-2267,11.8,2168-2275
IEEE Transactions on Cybernetics,2168-2267,11.8,2168-2275
IEEE Transactions on Cybernetics,2168-2267,11.8,2168-2275
DEVELOPMENTAL CELL,1534-5807,11.8,1878-1551
DEVELOPMENTAL CELL,1534-5807,11.8,1878-1551
JOURNAL OF INTERACTIVE MARKETING,1094-9968,11.8,1520-6653
ENVIRONMENT INTERNATIONAL,0160-4120,11.8,1873-6750
IEEE-CAA Journal of Automatica Sinica,2329-9266,11.8,2329-9274
EMERGING INFECTIOUS DISEASES,1080-6040,11.8,1080-6059
EMERGING INFECTIOUS DISEASES,1080-6040,11.8,1080-6059
CANCER TREATMENT REVIEWS,0305-7372,11.8,1532-1967
Annual Review of Ecology Evolution and Systematics,1543-592X,11.8,1545-2069
Annual Review of Ecology Evolution and Systematics,1543-592X,11.8,1545-2069
International Journal of Hospitality Management,0278-4319,11.7,1873-4693
Journal of Sport and Health Science,2095-2546,11.7,2213-2961
Journal of Sport and Health Science,2095-2546,11.7,2213-2961
Educational Research Review,1747-938X,11.7,1878-0385
Pulmonology,2531-0437,11.7,2531-0437
Sustainable Cities and Society,2210-6707,11.7,2210-6715
Sustainable Cities and Society,2210-6707,11.7,2210-6715
Sustainable Cities and Society,2210-6707,11.7,2210-6715
Physics of Life Reviews,1571-0645,11.7,1873-1457
Physics of Life Reviews,1571-0645,11.7,1873-1457
Nano Convergence,2196-5404,11.7,2196-5404
Nano Convergence,2196-5404,11.7,2196-5404
Nano Convergence,2196-5404,11.7,2196-5404
PROGRESS IN QUANTUM ELECTRONICS,0079-6727,11.7,1873-1627
PROGRESS IN QUANTUM ELECTRONICS,0079-6727,11.7,1873-1627
PROGRESS IN QUANTUM ELECTRONICS,0079-6727,11.7,1873-1627
PROGRESS IN QUANTUM ELECTRONICS,0079-6727,11.7,1873-1627
GLOBAL CHANGE BIOLOGY,1354-1013,11.6,1365-2486
GLOBAL CHANGE BIOLOGY,1354-1013,11.6,1365-2486
GLOBAL CHANGE BIOLOGY,1354-1013,11.6,1365-2486
PLANT CELL,1040-4651,11.6,1532-298X
PLANT CELL,1040-4651,11.6,1532-298X
PLANT CELL,1040-4651,11.6,1532-298X
JOURNAL OF INTERNATIONAL BUSINESS STUDIES,0047-2506,11.6,1478-6990
JOURNAL OF INTERNATIONAL BUSINESS STUDIES,0047-2506,11.6,1478-6990
DRUGS,0012-6667,11.5,1179-1950
DRUGS,0012-6667,11.5,1179-1950
CLINICAL CANCER RESEARCH,1078-0432,11.5,1557-3265
Materials Today Physics,2542-5293,11.5,2542-5293
Materials Today Physics,2542-5293,11.5,2542-5293
Reviews in Fisheries Science & Aquaculture,2330-8249,11.5,2330-8257
JAMA Health Forum,2689-0186,11.5,2689-0186
JAMA Health Forum,2689-0186,11.5,2689-0186
JAMA Health Forum,2689-0186,11.5,2689-0186
Communication Methods and Measures,1931-2458,11.4,1931-2466
Earth System Science Data,1866-3508,11.4,1866-3516
Earth System Science Data,1866-3508,11.4,1866-3516
HUMAN RESOURCE MANAGEMENT REVIEW,1053-4822,11.4,1873-7889
CEMENT AND CONCRETE RESEARCH,0008-8846,11.4,1873-3948
CEMENT AND CONCRETE RESEARCH,0008-8846,11.4,1873-3948
LEUKEMIA,0887-6924,11.4,1476-5551
LEUKEMIA,0887-6924,11.4,1476-5551
Redox Biology,2213-2317,11.4,2213-2317
Journal of Integrative Plant Biology,1672-9072,11.4,1744-7909
Journal of Integrative Plant Biology,1672-9072,11.4,1744-7909
EMBO JOURNAL,0261-4189,11.4,1460-2075
EMBO JOURNAL,0261-4189,11.4,1460-2075
BIORESOURCE TECHNOLOGY,0960-8524,11.4,1873-2976
BIORESOURCE TECHNOLOGY,0960-8524,11.4,1873-2976
BIORESOURCE TECHNOLOGY,0960-8524,11.4,1873-2976
npj Clean Water,2059-7037,11.4,2059-7037
npj Clean Water,2059-7037,11.4,2059-7037
npj Clean Water,2059-7037,11.4,2059-7037
ACS Materials Letters,N/A,11.4,2639-4979
TRENDS IN GENETICS,0168-9525,11.4,1362-4555
ENVIRONMENTAL SCIENCE & TECHNOLOGY,0013-936X,11.4,1520-5851
ENVIRONMENTAL SCIENCE & TECHNOLOGY,0013-936X,11.4,1520-5851
MEDICAL JOURNAL OF AUSTRALIA,0025-729X,11.4,1326-5377
Wiley Interdisciplinary Reviews-Computational Molecular Science,1759-0876,11.4,1759-0884
Wiley Interdisciplinary Reviews-Computational Molecular Science,1759-0876,11.4,1759-0884
Review of Corporate Finance Studies,2046-9128,11.3,2046-9136
JACC-Cardiovascular Interventions,1936-8798,11.3,1876-7605
Journal of Business Research,0148-2963,11.3,1873-7978
Nature Computational Science,N/A,11.3,2662-8457
Nature Computational Science,N/A,11.3,2662-8457
Nature Computational Science,N/A,11.3,2662-8457
Annual Review of Virology,2327-056X,11.3,2327-0578
JOURNAL OF EXPERIMENTAL & CLINICAL CANCER RESEARCH,N/A,11.3,1756-9966
PSYCHIATRY RESEARCH,0165-1781,11.3,1872-7123
PSYCHIATRY RESEARCH,0165-1781,11.3,1872-7123
Biomaterials Research,1226-4601,11.3,2055-7124
Biomaterials Research,1226-4601,11.3,2055-7124
Annual Review of Cell and Developmental Biology,1081-0706,11.3,1530-8995
Annual Review of Cell and Developmental Biology,1081-0706,11.3,1530-8995
FEMS MICROBIOLOGY REVIEWS,0168-6445,11.3,1574-6976
REVIEW OF EDUCATIONAL RESEARCH,0034-6543,11.2,1935-1046
ANNALS OF NEUROLOGY,0364-5134,11.2,1531-8249
ANNALS OF NEUROLOGY,0364-5134,11.2,1531-8249
IEEE COMMUNICATIONS MAGAZINE,0163-6804,11.2,1558-1896
IEEE COMMUNICATIONS MAGAZINE,0163-6804,11.2,1558-1896
Carbohydrate Polymers,0144-8617,11.2,1879-1344
Carbohydrate Polymers,0144-8617,11.2,1879-1344
Carbohydrate Polymers,0144-8617,11.2,1879-1344
Blood Cancer Discovery,2643-3230,11.2,2643-3249
Blood Cancer Discovery,2643-3230,11.2,2643-3249
Satellite Navigation,2662-9291,11.2,2662-1363
Satellite Navigation,2662-9291,11.2,2662-1363
Satellite Navigation,2662-9291,11.2,2662-1363
CCS Chemistry,N/A,11.2,2096-5745
CANCER RESEARCH,0008-5472,11.2,1538-7445
IEEE Transactions on Affective Computing,1949-3045,11.2,1949-3045
IEEE Transactions on Affective Computing,1949-3045,11.2,1949-3045
APPLIED ENERGY,0306-2619,11.2,1872-9118
APPLIED ENERGY,0306-2619,11.2,1872-9118
BIOCHIMICA ET BIOPHYSICA ACTA-REVIEWS ON CANCER,0304-419X,11.2,1879-2561
BIOCHIMICA ET BIOPHYSICA ACTA-REVIEWS ON CANCER,0304-419X,11.2,1879-2561
BIOCHIMICA ET BIOPHYSICA ACTA-REVIEWS ON CANCER,0304-419X,11.2,1879-2561
Trends in Environmental Analytical Chemistry,2214-1588,11.2,2214-1588
Trends in Environmental Analytical Chemistry,2214-1588,11.2,2214-1588
PROCEEDINGS OF THE NATIONAL ACADEMY OF SCIENCES OF THE UNITED STATES OF AMERICA,0027-8424,11.1,1091-6490
EMBO Molecular Medicine,1757-4676,11.1,1757-4684
EBioMedicine,2352-3964,11.1,2352-3964
BULLETIN OF THE WORLD HEALTH ORGANIZATION,0042-9686,11.1,1564-0604
International Journal of Contemporary Hospitality Management,0959-6119,11.1,1757-1049
International Journal of Contemporary Hospitality Management,0959-6119,11.1,1757-1049
JOURNAL OF VOCATIONAL BEHAVIOR,0001-8791,11.1,1095-9084
JOURNAL OF INTERNAL MEDICINE,0954-6820,11.1,1365-2796
JACC: CardioOncology,2666-0873,11.1,2666-0873
JACC: CardioOncology,2666-0873,11.1,2666-0873
Journal of Cleaner Production,0959-6526,11.1,1879-1786
Journal of Cleaner Production,0959-6526,11.1,1879-1786
Journal of Cleaner Production,0959-6526,11.1,1879-1786
Biomarker Research,N/A,11.1,2050-7771
Biomarker Research,N/A,11.1,2050-7771
Annual Review of Genetics,0066-4197,11.1,1545-2948
REVIEWS IN MEDICAL VIROLOGY,1052-9276,11.1,1099-1654
JOURNAL OF NEUROLOGY NEUROSURGERY AND PSYCHIATRY,0022-3050,11,1468-330X
JOURNAL OF NEUROLOGY NEUROSURGERY AND PSYCHIATRY,0022-3050,11,1468-330X
JOURNAL OF NEUROLOGY NEUROSURGERY AND PSYCHIATRY,0022-3050,11,1468-330X
ISME Journal,1751-7362,11,1751-7370
ISME Journal,1751-7362,11,1751-7370
MOLECULAR PSYCHIATRY,1359-4184,11,1476-5578
MOLECULAR PSYCHIATRY,1359-4184,11,1476-5578
MOLECULAR PSYCHIATRY,1359-4184,11,1476-5578
Laser & Photonics Reviews,1863-8880,11,1863-8899
Laser & Photonics Reviews,1863-8880,11,1863-8899
Laser & Photonics Reviews,1863-8880,11,1863-8899
Additive Manufacturing,2214-8604,11,2214-7810
Additive Manufacturing,2214-8604,11,2214-7810
Protection and Control of Modern Power Systems,2367-2617,11,2367-0983
Protection and Control of Modern Power Systems,2367-2617,11,2367-0983
Research,2096-5168,11,2639-5274
JOURNAL OF BIOMEDICAL SCIENCE,1021-7770,11,1423-0127
JOURNAL OF BIOMEDICAL SCIENCE,1021-7770,11,1423-0127
CURRENT OPINION IN SOLID STATE & MATERIALS SCIENCE,1359-0286,11,1879-0348
CURRENT OPINION IN SOLID STATE & MATERIALS SCIENCE,1359-0286,11,1879-0348
CURRENT OPINION IN SOLID STATE & MATERIALS SCIENCE,1359-0286,11,1879-0348
Transactions of the Association for Computational Linguistics,N/A,10.9,2307-387X
Transactions of the Association for Computational Linguistics,N/A,10.9,2307-387X
Transactions of the Association for Computational Linguistics,N/A,10.9,2307-387X
JAMA Dermatology,2168-6068,10.9,2168-6084
MEDICAL IMAGE ANALYSIS,1361-8415,10.9,1361-8423
MEDICAL IMAGE ANALYSIS,1361-8415,10.9,1361-8423
MEDICAL IMAGE ANALYSIS,1361-8415,10.9,1361-8423
MEDICAL IMAGE ANALYSIS,1361-8415,10.9,1361-8423
Journal of Materials Science & Technology,1005-0302,10.9,1941-1162
Journal of Materials Science & Technology,1005-0302,10.9,1941-1162
Journal for ImmunoTherapy of Cancer,N/A,10.9,2051-1426
Journal for ImmunoTherapy of Cancer,N/A,10.9,2051-1426
CARBON,0008-6223,10.9,1873-3891
CARBON,0008-6223,10.9,1873-3891
Experimental Hematology & Oncology,N/A,10.9,2162-3619
Experimental Hematology & Oncology,N/A,10.9,2162-3619
Environmental Science & Technology Letters,2328-8930,10.9,N/A
Environmental Science & Technology Letters,2328-8930,10.9,N/A
TRENDS IN ENDOCRINOLOGY AND METABOLISM,1043-2760,10.9,1879-3061
ACTA PHYSICO-CHIMICA SINICA,1000-6818,10.9,N/A
CATALYSIS REVIEWS-SCIENCE AND ENGINEERING,0161-4940,10.9,1520-5703
Annual Review of Political Science,1094-2939,10.8,1545-1577
PERSONALITY AND SOCIAL PSYCHOLOGY REVIEW,1088-8683,10.8,1532-7957
CARDIOVASCULAR RESEARCH,0008-6363,10.8,1755-3245
International Journal of Antimicrobial Agents,0924-8579,10.8,1872-7913
International Journal of Antimicrobial Agents,0924-8579,10.8,1872-7913
International Journal of Antimicrobial Agents,0924-8579,10.8,1872-7913
Globalization and Health,N/A,10.8,1744-8603
Globalization and Health,N/A,10.8,1744-8603
JOURNAL OF CONTROLLED RELEASE,0168-3659,10.8,1873-4995
JOURNAL OF CONTROLLED RELEASE,0168-3659,10.8,1873-4995
ETHICS,0014-1704,10.8,1539-297X
ETHICS,0014-1704,10.8,1539-297X
NANO LETTERS,1530-6984,10.8,1530-6992
NANO LETTERS,1530-6984,10.8,1530-6992
NANO LETTERS,1530-6984,10.8,1530-6992
NANO LETTERS,1530-6984,10.8,1530-6992
NANO LETTERS,1530-6984,10.8,1530-6992
NANO LETTERS,1530-6984,10.8,1530-6992
CRITICAL REVIEWS IN SOLID STATE AND MATERIALS SCIENCES,1040-8436,10.8,1547-6561
CRITICAL REVIEWS IN SOLID STATE AND MATERIALS SCIENCES,1040-8436,10.8,1547-6561
AMERICAN ECONOMIC REVIEW,0002-8282,10.7,1944-7981
ANAESTHESIA,0003-2409,10.7,1365-2044
Journal of Advanced Research,2090-1232,10.7,2090-1224
MOLECULAR BIOLOGY AND EVOLUTION,0737-4038,10.7,1537-1719
MOLECULAR BIOLOGY AND EVOLUTION,0737-4038,10.7,1537-1719
MOLECULAR BIOLOGY AND EVOLUTION,0737-4038,10.7,1537-1719
FOOD HYDROCOLLOIDS,0268-005X,10.7,1873-7137
FOOD HYDROCOLLOIDS,0268-005X,10.7,1873-7137
IEEE Internet of Things Journal,2327-4662,10.6,2327-4662
IEEE Internet of Things Journal,2327-4662,10.6,2327-4662
IEEE Internet of Things Journal,2327-4662,10.6,2327-4662
Biological Psychiatry,0006-3223,10.6,1873-2402
Biological Psychiatry,0006-3223,10.6,1873-2402
IEEE TRANSACTIONS ON MEDICAL IMAGING,0278-0062,10.6,1558-254X
IEEE TRANSACTIONS ON MEDICAL IMAGING,0278-0062,10.6,1558-254X
IEEE TRANSACTIONS ON MEDICAL IMAGING,0278-0062,10.6,1558-254X
IEEE TRANSACTIONS ON MEDICAL IMAGING,0278-0062,10.6,1558-254X
IEEE TRANSACTIONS ON MEDICAL IMAGING,0278-0062,10.6,1558-254X
TRANSPORTATION RESEARCH PART E-LOGISTICS AND TRANSPORTATION REVIEW,1366-5545,10.6,1878-5794
TRANSPORTATION RESEARCH PART E-LOGISTICS AND TRANSPORTATION REVIEW,1366-5545,10.6,1878-5794
TRANSPORTATION RESEARCH PART E-LOGISTICS AND TRANSPORTATION REVIEW,1366-5545,10.6,1878-5794
TRANSPORTATION RESEARCH PART E-LOGISTICS AND TRANSPORTATION REVIEW,1366-5545,10.6,1878-5794
TRANSPORTATION RESEARCH PART E-LOGISTICS AND TRANSPORTATION REVIEW,1366-5545,10.6,1878-5794
Journal of Supply Chain Management,1523-2409,10.6,1745-493X
Journal of Service Management,1757-5818,10.6,1757-5826
IEEE TRANSACTIONS ON IMAGE PROCESSING,1057-7149,10.6,1941-0042
IEEE TRANSACTIONS ON IMAGE PROCESSING,1057-7149,10.6,1941-0042
Clinical and Translational Medicine,2001-1326,10.6,2001-1326
Clinical and Translational Medicine,2001-1326,10.6,2001-1326
Virtual and Physical Prototyping,1745-2759,10.6,1745-2767
Virtual and Physical Prototyping,1745-2759,10.6,1745-2767
MOLECULAR ASPECTS OF MEDICINE,0098-2997,10.6,1872-9452
MOLECULAR ASPECTS OF MEDICINE,0098-2997,10.6,1872-9452
CLINICAL NUCLEAR MEDICINE,0363-9762,10.6,1536-0229
Annual Review of Sociology,0360-0572,10.5,1545-2115
ACADEMY OF MANAGEMENT JOURNAL,0001-4273,10.5,1948-0989
ACADEMY OF MANAGEMENT JOURNAL,0001-4273,10.5,1948-0989
BRITISH JOURNAL OF PSYCHIATRY,0007-1250,10.5,1472-1465
BRITISH JOURNAL OF PSYCHIATRY,0007-1250,10.5,1472-1465
GENES & DEVELOPMENT,0890-9369,10.5,1549-5477
GENES & DEVELOPMENT,0890-9369,10.5,1549-5477
GENES & DEVELOPMENT,0890-9369,10.5,1549-5477
Plant Communications,2590-3462,10.5,2590-3462
Plant Communications,2590-3462,10.5,2590-3462
CEMENT & CONCRETE COMPOSITES,0958-9465,10.5,1873-393X
CEMENT & CONCRETE COMPOSITES,0958-9465,10.5,1873-393X
ENTREPRENEURSHIP THEORY AND PRACTICE,1042-2587,10.5,1540-6520
Annual Review of Medicine,0066-4219,10.5,1545-326X
SLEEP MEDICINE REVIEWS,1087-0792,10.5,1532-2955
SLEEP MEDICINE REVIEWS,1087-0792,10.5,1532-2955
JOURNAL OF MANAGEMENT STUDIES,0022-2380,10.5,1467-6486
JOURNAL OF MANAGEMENT STUDIES,0022-2380,10.5,1467-6486
JOURNAL OF PRODUCT INNOVATION MANAGEMENT,0737-6782,10.5,1540-5885
JOURNAL OF PRODUCT INNOVATION MANAGEMENT,0737-6782,10.5,1540-5885
JOURNAL OF PRODUCT INNOVATION MANAGEMENT,0737-6782,10.5,1540-5885
Annual Review of Microbiology,0066-4227,10.5,1545-3251
Finance Research Letters,1544-6123,10.4,1544-6131
Optica,2334-2536,10.4,2334-2536
Foundations and Trends in Information Retrieval,1554-0669,10.4,1554-0677
IEEE Transactions on Neural Networks and Learning Systems,2162-237X,10.4,2162-2388
IEEE Transactions on Neural Networks and Learning Systems,2162-237X,10.4,2162-2388
IEEE Transactions on Neural Networks and Learning Systems,2162-237X,10.4,2162-2388
IEEE Transactions on Neural Networks and Learning Systems,2162-237X,10.4,2162-2388
IEEE TRANSACTIONS ON WIRELESS COMMUNICATIONS,1536-1276,10.4,1558-2248
IEEE TRANSACTIONS ON WIRELESS COMMUNICATIONS,1536-1276,10.4,1558-2248
ADMINISTRATIVE SCIENCE QUARTERLY,0001-8392,10.4,1930-3815
ADMINISTRATIVE SCIENCE QUARTERLY,0001-8392,10.4,1930-3815
JOURNAL OF THROMBOSIS AND HAEMOSTASIS,1538-7933,10.4,1538-7836
JOURNAL OF THROMBOSIS AND HAEMOSTASIS,1538-7933,10.4,1538-7836
ENVIRONMENTAL HEALTH PERSPECTIVES,0091-6765,10.4,1552-9924
ENVIRONMENTAL HEALTH PERSPECTIVES,0091-6765,10.4,1552-9924
ENVIRONMENTAL HEALTH PERSPECTIVES,0091-6765,10.4,1552-9924
Journal of Retailing and Consumer Services,0969-6989,10.4,1873-1384
Reviews in Aquaculture,1753-5123,10.4,1753-5131
ROBOTICS AND COMPUTER-INTEGRATED MANUFACTURING,0736-5845,10.4,1879-2537
ROBOTICS AND COMPUTER-INTEGRATED MANUFACTURING,0736-5845,10.4,1879-2537
ROBOTICS AND COMPUTER-INTEGRATED MANUFACTURING,0736-5845,10.4,1879-2537
ENERGY CONVERSION AND MANAGEMENT,0196-8904,10.4,1879-2227
ENERGY CONVERSION AND MANAGEMENT,0196-8904,10.4,1879-2227
ENERGY CONVERSION AND MANAGEMENT,0196-8904,10.4,1879-2227
BRITISH JOURNAL OF DERMATOLOGY,0007-0963,10.3,1365-2133
Human Behavior and Emerging Technologies,N/A,10.3,2578-1863
CONTEMPORARY EDUCATIONAL PSYCHOLOGY,0361-476X,10.3,1090-2384
JOURNAL OF PINEAL RESEARCH,0742-3098,10.3,1600-079X
JOURNAL OF PINEAL RESEARCH,0742-3098,10.3,1600-079X
JOURNAL OF PINEAL RESEARCH,0742-3098,10.3,1600-079X
JNCI-Journal of the National Cancer Institute,0027-8874,10.3,1460-2105
Journal of Business Logistics,0735-3766,10.3,2158-1592
JOURNAL OF ANXIETY DISORDERS,0887-6185,10.3,1873-7897
JOURNAL OF ANXIETY DISORDERS,0887-6185,10.3,1873-7897
AUTOMATION IN CONSTRUCTION,0926-5805,10.3,1872-7891
AUTOMATION IN CONSTRUCTION,0926-5805,10.3,1872-7891
INDUSTRIAL MARKETING MANAGEMENT,0019-8501,10.3,1873-2062
INDUSTRIAL MARKETING MANAGEMENT,0019-8501,10.3,1873-2062
FRONTIERS IN ECOLOGY AND THE ENVIRONMENT,1540-9295,10.3,1540-9309
FRONTIERS IN ECOLOGY AND THE ENVIRONMENT,1540-9295,10.3,1540-9309
SPACE SCIENCE REVIEWS,0038-6308,10.3,1572-9672
Materials Today Nano,2588-8420,10.3,2588-8420
Materials Today Nano,2588-8420,10.3,2588-8420
SIAM REVIEW,0036-1445,10.2,1095-7200
Resources Policy,0301-4207,10.2,1873-7641
Asian Journal of Pharmaceutical Sciences,1818-0876,10.2,1818-0876
JOURNAL OF NANOBIOTECHNOLOGY,N/A,10.2,1477-3155
JOURNAL OF NANOBIOTECHNOLOGY,N/A,10.2,1477-3155
CRITICAL REVIEWS IN FOOD SCIENCE AND NUTRITION,1040-8398,10.2,1549-7852
CRITICAL REVIEWS IN FOOD SCIENCE AND NUTRITION,1040-8398,10.2,1549-7852
Annual Review of Phytopathology,0066-4286,10.2,1545-2107
EDUCATIONAL PSYCHOLOGY REVIEW,1040-726X,10.1,1573-336X
BIOSCIENCE,0006-3568,10.1,1525-3244
Cancer Immunology Research,2326-6066,10.1,2326-6074
Cancer Immunology Research,2326-6066,10.1,2326-6074
HAEMATOLOGICA,0390-6078,10.1,1592-8721
Journal of Nanostructure in Chemistry,2008-9244,10.1,2193-8865
Journal of Nanostructure in Chemistry,2008-9244,10.1,2193-8865
Journal of Nanostructure in Chemistry,2008-9244,10.1,2193-8865
Applied and Computational Mathematics,1683-3511,10,1683-6154
BIOLOGICAL REVIEWS,1464-7931,10,1469-185X
CALIFORNIA MANAGEMENT REVIEW,0008-1256,10,2162-8564
CALIFORNIA MANAGEMENT REVIEW,0008-1256,10,2162-8564
THORAX,0040-6376,10,1468-3296
Swarm and Evolutionary Computation,2210-6502,10,2210-6510
Swarm and Evolutionary Computation,2210-6502,10,2210-6510
Particle and Fibre Toxicology,1743-8977,10,1743-8977
COMPUTERS IN INDUSTRY,0166-3615,10,1872-6194
JOURNAL OF RETAILING,0022-4359,10,1873-3271
,,,
Copyright (c) 2023 Clarivate ,,,
By exporting the selected data; you agree to the data usage policy set forth in the Terms of Use ,,,
